{"time_horizons": [400, 800, 1200, 1600, 2000, 2400, 2800, 3200, 3600, 4000, 4400, 4800, 5200, 5600, 6000, 6400, 6800, 7200, 7600, 8000, 8400, 8800, 9200, 9600, 10000], "average_cumulative_regret": [196.8666666666668, 395.1533333333336, 586.84, 784.4266666666672, 980.5433333333326, 1177.89, 1377.7966666666669, 1571.3033333333342, 1765.12, 1963.486666666665, 2160.693333333335, 2356.18, 2554.766666666665, 2750.0933333333337, 2946.31, 3144.8666666666686, 3339.2833333333315, 3535.24, 3730.5866666666698, 3925.97333333333, 4124.22, 4318.91666666667, 4512.89333333333, 4708.7, 4904.066666666669], "std_cumulative_regret": [9.6850400102426, 14.735250252371012, 18.981949320341155, 19.81722483093937, 21.13163268656731, 24.54461040636009, 28.193139236346138, 28.488753921503832, 31.119858611504007, 33.69046749453026, 31.099363337534744, 33.16214106477445, 31.299680509551532, 34.347087212746295, 36.617671963138235, 39.069681339882976, 40.12938449565356, 42.53424972889495, 45.992321098200726, 47.8780784911007, 49.47940581696591, 51.65721150042848, 50.842171472115545, 50.42191983651555, 54.31795283329444]}