{"time_horizons": [400, 800, 1200, 1600, 2000, 2400, 2800, 3200, 3600, 4000, 4400, 4800, 5200, 5600, 6000, 6400, 6800, 7200, 7600, 8000, 8400, 8800, 9200, 9600, 10000], "average_cumulative_regret": [197.3566666666668, 393.6633333333336, 592.28, 790.9866666666671, 992.5433333333326, 1189.6, 1387.8166666666668, 1586.8833333333343, 1781.02, 1980.6766666666651, 2177.053333333335, 2374.47, 2572.4866666666653, 2770.9433333333336, 2968.42, 3166.126666666669, 3365.2833333333315, 3563.19, 3760.69666666667, 3960.0233333333304, 4159.47, 4356.22666666667, 4555.14333333333, 4750.74, 4949.45666666667], "std_cumulative_regret": [7.982098721514286, 11.379855007863677, 15.044653535392564, 14.918364521622335, 16.336030729647884, 18.929342302362222, 20.038151112315727, 21.32621626074349, 23.20731781141457, 23.879905778708594, 24.16281440561095, 25.869076133484164, 27.959749641225326, 28.212016943139673, 30.732126512820425, 32.267141181083886, 34.06651581832225, 36.585979555015335, 37.00768974145779, 36.933912600752166, 39.75385641670503, 41.10457882036988, 42.8867566971437, 45.955330485157, 46.473066393342286]}