{"time_horizons": [400, 800, 1200, 1600, 2000, 2400, 2800, 3200, 3600, 4000, 4400, 4800, 5200, 5600, 6000, 6400, 6800, 7200, 7600, 8000, 8400, 8800, 9200, 9600, 10000], "average_cumulative_regret": [161.0866666666667, 276.44333333333344, 362.63, 397.65666666666687, 423.47333333333313, 436.55, 457.4466666666669, 470.893333333334, 486.81, 497.156666666666, 493.033333333334, 507.89, 523.226666666666, 531.893333333334, 543.7, 541.486666666668, 557.633333333332, 569.85, 563.766666666668, 571.433333333332, 569.64, 595.566666666668, 605.693333333332, 606.34, 611.906666666668], "std_cumulative_regret": [12.404982869798733, 34.03642019954508, 35.36938082579337, 37.88627587926795, 48.76679608094015, 50.84454247999484, 52.11133849749016, 52.41227337179719, 54.28677463250143, 64.44928160965024, 62.519996801023595, 64.03794109744628, 70.88177763007923, 75.087857873294, 81.00660466900214, 75.89589975749678, 78.6856403672233, 83.40783836067207, 77.73667088318099, 94.7477176506115, 90.5454051843604, 87.79288126038466, 97.96780287420964, 96.72354625426014, 88.4801808316416]}