{"time_horizons": [400, 800, 1200, 1600, 2000, 2400, 2800, 3200, 3600, 4000, 4400, 4800, 5200, 5600, 6000, 6400, 6800, 7200, 7600, 8000, 8400, 8800, 9200, 9600, 10000], "average_cumulative_regret": [161.52666666666673, 284.69333333333344, 374.67, 422.02666666666687, 421.62333333333316, 405.38, 392.1966666666669, 389.923333333334, 384.88, 387.39666666666596, 386.403333333334, 393.5, 384.696666666666, 388.323333333334, 394.68, 393.61666666666804, 392.543333333332, 401.49, 405.266666666668, 403.493333333332, 402.21, 405.54666666666805, 405.093333333332, 401.41, 401.37666666666803], "std_cumulative_regret": [11.938190817707682, 28.03766038741464, 28.454895888054132, 45.13236532689152, 44.520847925438254, 43.184900138821675, 26.522614878627635, 31.489393452399174, 25.69485551623126, 27.614074310032553, 28.277996746587267, 30.99951612525589, 22.303566979297276, 27.687359931925613, 28.07058246634722, 26.786330469103078, 31.15133865502412, 27.74616910494132, 31.068633700245016, 27.72786324259408, 29.53279363690472, 27.83030003431512, 32.05561417287149, 28.386650031308733, 27.735643132979625]}