{"time_horizons": [400, 800, 1200, 1600, 2000, 2400, 2800, 3200, 3600, 4000, 4400, 4800, 5200, 5600, 6000, 6400, 6800, 7200, 7600, 8000, 8400, 8800, 9200, 9600, 10000], "average_cumulative_regret": [176.1166666666668, 370.4833333333336, 518.09, 671.8166666666671, 809.1233333333329, 959.99, 1082.5766666666675, 1223.5333333333338, 1354.47, 1470.9966666666658, 1595.0433333333342, 1703.54, 1761.4166666666656, 1800.0033333333342, 1812.41, 1878.2766666666676, 1888.9633333333325, 1941.82, 1982.2266666666674, 1951.8133333333326, 1957.82, 1937.1566666666674, 1915.1033333333326, 1917.05, 1920.3566666666675], "std_cumulative_regret": [7.372075691418258, 9.622239863981775, 11.450847130234514, 13.817651754187468, 15.59890701299293, 17.273965960369377, 21.622254739041438, 20.99714266275295, 27.07598751661701, 20.224270073354933, 21.92500627137881, 12.660505519133114, 37.02252692618374, 14.111736250369761, 11.041825030310887, 11.841363941708742, 17.2705848192816, 35.55035302215718, 13.4240977350435, 36.46600608786216, 41.904505724325155, 35.602667034928714, 35.58282029294474, 39.07719923433612, 43.82777543978248]}