{"time_horizons": [400, 800, 1200, 1600, 2000, 2400, 2800, 3200, 3600, 4000, 4400, 4800, 5200, 5600, 6000, 6400, 6800, 7200, 7600, 8000, 8400, 8800, 9200, 9600, 10000], "average_cumulative_regret": [177.6466666666668, 339.5933333333336, 481.43, 620.7666666666669, 750.8933333333329, 856.69, 963.4266666666674, 1072.4633333333338, 1155.84, 1278.0266666666662, 1360.2233333333343, 1444.36, 1537.7566666666658, 1616.1733333333343, 1697.05, 1773.6466666666674, 1856.7333333333327, 1925.04, 1995.2466666666674, 2065.4333333333325, 2128.92, 2200.0166666666673, 2257.6533333333327, 2314.98, 2364.8466666666673], "std_cumulative_regret": [6.286461643882033, 10.581701186482256, 16.418437806320064, 12.956465567430032, 13.564895871329052, 11.687339303708095, 22.03774943137343, 18.870959170111096, 19.130980110804572, 23.394666058740825, 21.681741166244006, 24.87469396796672, 24.68728215093756, 23.17918031337605, 22.68804751405462, 20.09327250599065, 24.979191339993374, 23.741491107342014, 24.309742902795165, 26.66702083098148, 25.25021980102352, 25.30034584743853, 31.653081998440534, 28.73986082081818, 32.81566089537128]}