{"time_horizons": [400, 800, 1200, 1600, 2000, 2400, 2800, 3200, 3600, 4000, 4400, 4800, 5200, 5600, 6000, 6400, 6800, 7200, 7600, 8000, 8400, 8800, 9200, 9600, 10000], "average_cumulative_regret": [172.3866666666668, 326.95333333333343, 376.62, 439.54666666666685, 487.95333333333315, 590.36, 632.0766666666668, 678.7933333333337, 905.36, 866.0166666666663, 845.1333333333337, 870.73, 942.5266666666663, 971.2433333333337, 973.65, 967.936666666668, 995.463333333332, 973.99, 1035.056666666668, 1120.903333333332, 1136.81, 1100.116666666668, 1130.3633333333319, 1125.17, 1156.686666666668], "std_cumulative_regret": [6.110777364623916, 8.662309160957024, 11.208728741476438, 13.023271478395895, 13.139847792116925, 24.002299889802227, 20.926583572097957, 72.07432552580704, 131.5759491700516, 172.70809911524128, 185.93563402425048, 197.45743110858098, 187.97670174784957, 159.38350573381175, 189.07291582878813, 199.04390746767407, 182.91723018895732, 176.5745448811917, 176.32339011033108, 147.88997633375968, 191.43801581713075, 194.4438415070017, 206.9125639007936, 197.73204368538754, 225.85814043332599]}