{"time_horizons": [400, 800, 1200, 1600, 2000, 2400, 2800, 3200, 3600, 4000, 4400, 4800, 5200, 5600, 6000, 6400, 6800, 7200, 7600, 8000, 8400, 8800, 9200, 9600, 10000], "average_cumulative_regret": [161.52666666666673, 281.12333333333345, 368.56, 417.9566666666669, 461.47333333333313, 482.7, 501.96666666666687, 532.093333333334, 549.29, 568.7966666666659, 573.033333333334, 587.11, 598.826666666666, 615.233333333334, 635.91, 641.5766666666681, 656.593333333332, 676.45, 669.276666666668, 708.373333333332, 702.06, 709.526666666668, 714.633333333332, 729.58, 730.256666666668], "std_cumulative_regret": [11.938190817707682, 31.333143793752967, 29.10062542283241, 39.104039433286175, 41.20073300318818, 39.291602156185995, 42.14747916542578, 48.053953011172766, 59.23348630631156, 50.499040584945774, 54.330562301526015, 58.83041645271602, 64.05087353034305, 58.0956969146597, 57.8470561048702, 59.91629077304436, 65.754789939593, 77.49211250185401, 70.02169592347789, 73.59767931123915, 84.57337879025526, 81.43304243364605, 81.04091559206373, 77.51247383486094, 70.22223223452812]}