{
    "time_horizons": [
        400,
        800,
        1200,
        1600,
        2000,
        2400,
        2800,
        3200,
        3600,
        4000,
        4400,
        4800,
        5200,
        5600,
        6000,
        6400,
        6800,
        7200,
        7600,
        8000,
        8400,
        8800,
        9200,
        9600,
        10000
    ],
    "average_cumulative_regret": [
        134.55666666666673,
        194.02333333333343,
        197.1,
        204.096666666667,
        253.51333333333298,
        346.84,
        347.8266666666669,
        346.373333333334,
        356.5,
        373.76666666666597,
        447.763333333334,
        482.77,
        520.276666666666,
        536.833333333334,
        541.69,
        545.936666666668,
        550.253333333332,
        549.15,
        550.096666666668,
        547.503333333332,
        546.98,
        550.616666666668,
        547.883333333332,
        549.07,
        553.316666666668
    ],
    "std_cumulative_regret": [
        31.741107416093726,
        16.9721507181618,
        4.803123983409131,
        3.644873111646001,
        9.815681331420658,
        12.27332065905556,
        6.332013897647414,
        6.207930411981114,
        40.67296399329658,
        64.49875967799692,
        78.22049028227833,
        78.88052421225407,
        64.79103255852618,
        49.21635906891123,
        42.997370849855464,
        34.82810790152115,
        19.46827162333626,
        18.824651391194475,
        15.372868958005204,
        20.3411184549916,
        29.249266657473655,
        37.42388942907992,
        39.759621477071434,
        45.446728155060846,
        47.316672537278016
    ]
}