{"time_horizons": [400, 800, 1200, 1600, 2000, 2400, 2800, 3200, 3600, 4000, 4400, 4800, 5200, 5600, 6000, 6400, 6800, 7200, 7600, 8000, 8400, 8800, 9200, 9600, 10000], "average_cumulative_regret": [176.27666666666678, 365.32333333333355, 502.91, 635.4366666666668, 778.2233333333329, 903.64, 1026.3666666666675, 1131.9833333333338, 1240.55, 1329.136666666666, 1444.0633333333344, 1522.86, 1622.2366666666658, 1720.8733333333344, 1792.01, 1881.6466666666674, 1970.5933333333326, 2025.14, 2101.5866666666675, 2172.6433333333325, 2251.01, 2314.7166666666676, 2379.8733333333325, 2447.91, 2514.7466666666674], "std_cumulative_regret": [7.858619471637497, 10.008491394810708, 14.111055949148525, 12.945157395721385, 16.916793431380544, 21.225230269657853, 16.88934575405454, 19.98117864391388, 14.66177001592918, 16.397838272162584, 19.153514037899154, 19.803040170640465, 25.11105533425467, 25.068474225608547, 21.514876248772616, 24.36020525365088, 23.58457970793629, 24.010839218986078, 26.08282193321881, 22.944147401897503, 24.564403106935046, 24.535433560465158, 27.345354267224263, 28.643706114956565, 27.053532116897415]}