{"time_horizons": [400, 800, 1200, 1600, 2000, 2400, 2800, 3200, 3600, 4000, 4400, 4800, 5200, 5600, 6000, 6400, 6800, 7200, 7600, 8000, 8400, 8800, 9200, 9600, 10000], "average_cumulative_regret": [87.74499999999996, 151.155, 206.96499999999992, 257.7350000000006, 307.03500000000014, 349.33500000000043, 391.6750000000004, 441.15499999999565, 482.87499999999943, 510.93499999999915, 520.5049999999994, 544.6649999999942, 556.1949999999994, 572.455, 584.5650000000012, 604.764999999991, 646.8350000000012, 659.275, 697.9050000000029, 726.4150000000003, 757.0150000000003, 797.7049999999995, 829.1649999999994, 866.5449999999875, 911.0350000000003], "std_cumulative_regret": [9.26025917563866, 15.289457151906996, 21.921186099296726, 27.80102695944882, 32.98013189785632, 37.01406624514524, 41.664146457115855, 45.4430137644941, 57.70973141507418, 49.585734843803614, 63.384777352294925, 70.5895488015046, 72.62089162217714, 56.991995051936904, 57.23396194568397, 54.42942586505942, 60.351811074730804, 54.92337480526847, 61.52519808988834, 63.436282205059904, 67.12979889736003, 85.20041079713171, 80.77842781337107, 84.22154356220267, 78.1524734093554]}