{"time_horizons": [400, 800, 1200, 1600, 2000, 2400, 2800, 3200, 3600, 4000, 4400, 4800, 5200, 5600, 6000, 6400, 6800, 7200, 7600, 8000, 8400, 8800, 9200, 9600, 10000], "average_cumulative_regret": [83.38499999999998, 170.52500000000006, 251.805, 331.9850000000005, 404.225, 471.5950000000006, 534.0350000000005, 595.8949999999957, 654.4649999999995, 709.2949999999994, 764.7649999999998, 818.0249999999938, 870.9449999999996, 915.1150000000006, 968.8150000000012, 1014.7049999999907, 1056.7450000000013, 1105.5250000000005, 1152.915000000003, 1198.4950000000006, 1242.5150000000006, 1285.0049999999994, 1332.1749999999995, 1367.2049999999865, 1411.1450000000007], "std_cumulative_regret": [8.494445243804918, 13.97818300066214, 15.368148880070104, 20.576676116418803, 22.01980018074642, 23.25471780091085, 27.389215030737923, 28.17512910351965, 29.49014072533395, 28.998722385650023, 31.049676326815387, 34.024984937542584, 38.674751453629284, 37.22603793045938, 39.36030868781392, 44.6823231267131, 48.67414508751027, 54.672567161237275, 49.17846988266309, 56.2253492652558, 58.779672506743346, 64.45230794936671, 62.32817260276447, 65.74420126520666, 74.76791022892107]}