{
    "time_horizons": [
        400,
        800,
        1200,
        1600,
        2000,
        2400,
        2800,
        3200,
        3600,
        4000,
        4400,
        4800,
        5200,
        5600,
        6000,
        6400,
        6800,
        7200,
        7600,
        8000,
        8400,
        8800,
        9200,
        9600,
        10000
    ],
    "average_cumulative_regret": [
        77.855,
        126.285,
        184.85499999999993,
        236.05500000000058,
        284.7450000000001,
        331.7750000000005,
        380.99500000000046,
        420.34499999999565,
        475.7749999999994,
        530.6249999999991,
        597.0649999999994,
        643.7649999999942,
        687.7949999999997,
        724.3650000000002,
        758.8050000000012,
        778.014999999991,
        802.8650000000011,
        822.5950000000003,
        846.2250000000029,
        879.4350000000003,
        902.4750000000003,
        936.2949999999994,
        962.9849999999994,
        996.9249999999872,
        1035.4650000000006
    ],
    "std_cumulative_regret": [
        8.346705937074818,
        14.794647680833767,
        22.17447857335094,
        24.461142655239964,
        28.95845990380013,
        36.73876835170172,
        39.24550802321204,
        43.256495465999095,
        49.94413979637651,
        66.00875396490984,
        61.49956422609838,
        59.53018058094566,
        64.90844244010174,
        62.789094594523334,
        71.47153279453295,
        77.202266158449,
        73.54468301651725,
        78.95075617117293,
        76.84849770815302,
        78.09305410854411,
        73.24130733404476,
        74.79776667788953,
        70.28299652120704,
        73.93114093533251,
        72.17844830695655
    ]
}