{"time_horizons": [400, 800, 1200, 1600, 2000, 2400, 2800, 3200, 3600, 4000, 4400, 4800, 5200, 5600, 6000, 6400, 6800, 7200, 7600, 8000, 8400, 8800, 9200, 9600, 10000], "average_cumulative_regret": [88.56499999999997, 177.16500000000008, 263.955, 348.11500000000046, 431.375, 510.4250000000006, 584.4650000000006, 663.0049999999954, 734.8049999999997, 806.3849999999994, 875.1449999999995, 943.7649999999937, 1007.0249999999995, 1061.9550000000006, 1092.4750000000013, 1124.1949999999906, 1164.5850000000012, 1193.4450000000006, 1225.845000000003, 1260.6450000000007, 1279.9750000000006, 1338.2649999999994, 1371.8449999999993, 1398.7549999999867, 1440.8750000000007], "std_cumulative_regret": [9.737884780587619, 12.836448106855727, 15.157423923609183, 19.326611187686268, 20.372852034018212, 21.114061665155756, 24.920441408610728, 25.940316112183368, 29.63815108943201, 32.59901225497484, 28.705755520452687, 28.913706092439966, 30.948660714156922, 35.8283058488676, 48.73016622175631, 56.502512333523725, 58.37828020762517, 63.82167656838858, 68.70046870291351, 69.75077347241391, 82.12544733515915, 86.70208994020848, 100.60613500179798, 103.46287981686959, 106.81990966107395]}