{"time_horizons": [400, 800, 1200, 1600, 2000, 2400, 2800, 3200, 3600, 4000, 4400, 4800, 5200, 5600, 6000, 6400, 6800, 7200, 7600, 8000, 8400, 8800, 9200, 9600, 10000], "average_cumulative_regret": [87.74499999999996, 150.705, 207.26499999999993, 258.8350000000006, 305.22500000000014, 338.01500000000044, 370.24500000000046, 404.6849999999956, 429.94499999999954, 463.9849999999991, 493.0949999999994, 518.2049999999941, 532.9649999999995, 558.535, 567.7750000000011, 592.7149999999909, 610.2450000000011, 637.365, 649.7850000000029, 670.6950000000002, 686.4050000000003, 722.3049999999994, 729.4149999999994, 740.4549999999875, 763.5350000000003], "std_cumulative_regret": [9.260259175638659, 15.033628969746461, 21.40636353984487, 27.6188540674663, 32.73914476586094, 39.180733785880015, 43.00328359555814, 40.22707545919787, 44.68664677507141, 48.67894411344601, 46.978525945372105, 53.54605494338496, 57.40416709612639, 59.51293220805039, 64.9052933126413, 56.256785368522436, 62.0736852458431, 69.10145005714425, 77.32199945681694, 72.46498395777094, 75.63835006132801, 75.48277949307378, 89.18734159060915, 80.56356186266841, 83.81222524190608]}