{"time_horizons": [400, 800, 1200, 1600, 2000, 2400, 2800, 3200, 3600, 4000, 4400, 4800, 5200, 5600, 6000, 6400, 6800, 7200, 7600, 8000, 8400, 8800, 9200, 9600, 10000], "average_cumulative_regret": [87.74499999999996, 151.155, 207.36499999999992, 257.63500000000056, 309.19500000000016, 339.77500000000043, 377.1750000000004, 403.90499999999565, 433.99499999999955, 465.32499999999914, 500.5349999999994, 520.9549999999941, 552.8449999999995, 580.985, 593.6250000000011, 605.494999999991, 645.5150000000011, 655.605, 695.8050000000029, 708.9550000000003, 714.1150000000002, 738.9349999999994, 763.3949999999994, 780.4849999999875, 804.4350000000003], "std_cumulative_regret": [9.260259175638659, 15.289457151906996, 21.630312064323068, 26.822250092041124, 30.92917554672287, 33.85287432405112, 35.76116748653489, 42.694379021131105, 44.64246744972773, 50.04375685337783, 55.32313349766081, 62.13410899015129, 59.88834945129144, 60.404135620005356, 62.56449152674383, 63.69183542652857, 64.89568475638423, 65.26545793909669, 69.71226577869923, 81.22972054611537, 65.41710708981252, 75.8053104999907, 85.92460590540989, 79.5578380802294, 86.44041358068574]}