{"time_horizons": [400, 800, 1200, 1600, 2000, 2400, 2800, 3200, 3600, 4000, 4400, 4800, 5200, 5600, 6000, 6400, 6800, 7200, 7600, 8000, 8400, 8800, 9200, 9600, 10000], "average_cumulative_regret": [89.04499999999996, 174.73500000000007, 260.115, 340.50500000000045, 417.585, 488.2250000000006, 558.2350000000006, 622.0149999999957, 686.2449999999997, 744.8349999999995, 803.1949999999997, 858.4349999999937, 915.5749999999996, 965.1550000000005, 1019.9650000000012, 1071.5249999999908, 1115.3450000000012, 1149.4150000000006, 1202.5150000000028, 1255.4850000000006, 1286.2350000000006, 1341.4749999999995, 1377.4449999999995, 1425.6949999999865, 1465.8550000000005], "std_cumulative_regret": [9.35833318492134, 12.831098939685564, 14.072593932889559, 19.174722944543426, 23.834504400133852, 24.485334386117742, 27.041765844707697, 28.88719266387788, 27.658315205377203, 31.15607645387975, 30.54953191130758, 31.98320027764576, 35.2310246799607, 36.06864982224868, 39.801738655490915, 43.80650180053184, 41.52089112723859, 43.88395948407573, 49.01907689869323, 43.69930891902068, 52.966565869423704, 53.1668044930293, 50.64786668755161, 52.77569421618251, 63.36645405891038]}