{"time_horizons": [400, 800, 1200, 1600, 2000, 2400, 2800, 3200, 3600, 4000, 4400, 4800, 5200, 5600, 6000, 6400, 6800, 7200, 7600, 8000, 8400, 8800, 9200, 9600, 10000], "average_cumulative_regret": [98.90499999999996, 197.19500000000008, 293.185, 392.89500000000044, 490.715, 587.9950000000006, 687.7750000000009, 788.6749999999953, 887.9349999999996, 985.2549999999994, 1080.9949999999997, 1179.3449999999937, 1277.9449999999995, 1374.7950000000005, 1471.715000000001, 1570.1049999999914, 1667.215000000001, 1765.615000000001, 1863.2850000000035, 1961.7450000000008, 2060.685000000001, 2159.654999999999, 2260.224999999999, 2359.5849999999864, 2457.205000000001], "std_cumulative_regret": [11.207586716149022, 14.916229416310275, 17.534754061577253, 21.71446292220924, 23.247492337884534, 24.01603422715749, 27.42438878079145, 26.90355181012351, 27.34492823175808, 28.6776480904554, 31.406207985046525, 34.540474808548886, 39.50691585026602, 40.76525358684771, 43.08742159842011, 43.27920978945895, 45.252026473960264, 46.30332493460918, 48.3199917218536, 49.52527031728348, 49.159511795785775, 49.85687013842727, 52.32639486912891, 53.16205037430366, 56.659685844522635]}