{"time_horizons": [400, 800, 1200, 1600, 2000, 2400, 2800, 3200, 3600, 4000, 4400, 4800, 5200, 5600, 6000, 6400, 6800, 7200, 7600, 8000, 8400, 8800, 9200, 9600, 10000], "average_cumulative_regret": [80.485, 177.43500000000006, 278.075, 378.69500000000045, 477.645, 576.2850000000005, 675.2550000000007, 774.5249999999953, 874.2449999999995, 973.0149999999994, 1071.3249999999996, 1170.3149999999937, 1269.3249999999996, 1368.6350000000007, 1468.0350000000012, 1566.7549999999912, 1666.9850000000013, 1763.9750000000008, 1863.6250000000034, 1963.075000000001, 2062.3250000000007, 2159.474999999999, 2258.324999999999, 2356.1749999999865, 2457.565000000001], "std_cumulative_regret": [9.1602183380092, 13.743547576954066, 15.452025757162069, 18.223443692123617, 20.062163392814846, 21.57409557779885, 23.9688860817519, 27.18951268412143, 28.554901505696, 29.948454050251073, 29.850587933908436, 34.09771106687368, 35.51644126316712, 36.55233371482593, 38.765049980620425, 40.59516596837609, 42.09346267533713, 44.063466726983705, 44.70699721520111, 46.61443016920834, 48.55262711738676, 48.88485552806718, 51.13235374985196, 53.0269846398982, 53.474165725142456]}