{"time_horizons": [400, 800, 1200, 1600, 2000, 2400, 2800, 3200, 3600, 4000, 4400, 4800, 5200, 5600, 6000, 6400, 6800, 7200, 7600, 8000, 8400, 8800, 9200, 9600, 10000], "average_cumulative_regret": [83.67499999999998, 157.205, 213.23499999999993, 268.2150000000006, 310.88500000000016, 365.63500000000045, 395.30500000000046, 420.73499999999564, 453.38499999999954, 504.8449999999991, 534.6849999999994, 581.0849999999941, 639.3749999999994, 679.9050000000003, 698.1750000000012, 735.024999999991, 750.4950000000011, 765.6450000000003, 793.1550000000029, 827.6250000000003, 872.0950000000003, 899.8749999999994, 920.8849999999994, 972.5449999999872, 998.7150000000006], "std_cumulative_regret": [7.971267151463436, 14.804728974216312, 13.288984159822, 22.129299582228082, 24.62083670389778, 39.495735212804945, 29.688213149329147, 39.62520788589002, 49.30309929406061, 52.520990089677476, 60.213931942699105, 66.82823953988313, 86.8947242357095, 83.56943221058762, 87.80535917584986, 82.82825363364847, 92.47156265577001, 86.26546470053935, 88.58333646911252, 103.5569196142875, 107.13058340175321, 119.08699803085138, 104.57889653271351, 117.91466575451928, 110.47083732822884]}