{"time_horizons": [400, 800, 1200, 1600, 2000, 2400, 2800, 3200, 3600, 4000, 4400, 4800, 5200, 5600, 6000, 6400, 6800, 7200, 7600, 8000, 8400, 8800, 9200, 9600, 10000], "average_cumulative_regret": [165.98666666666676, 324.75333333333344, 467.71, 599.9966666666669, 742.0833333333328, 862.01, 976.8466666666675, 1101.6933333333336, 1213.73, 1319.7266666666662, 1421.7033333333343, 1472.09, 1496.6866666666656, 1544.9333333333343, 1587.54, 1631.2566666666673, 1668.9833333333327, 1695.47, 1699.8766666666675, 1693.2433333333327, 1694.4, 1721.2266666666674, 1769.1633333333325, 1808.53, 1821.5166666666673], "std_cumulative_regret": [7.599842103622943, 12.621552994778417, 14.47570032848152, 14.117404152322054, 18.88670167075236, 17.348484083631053, 22.149663654331185, 24.33496250253943, 22.3225692965662, 22.147604836640916, 26.774485989463926, 24.78027239559727, 35.24116343141923, 39.19030492353945, 49.79104738805963, 60.191709562031875, 67.72302045833455, 85.7173792179859, 91.25231997050814, 95.07387601228847, 73.04327484443726, 95.97263359937561, 107.48088713813262, 118.71659151104363, 113.65732488493646]}