{"time_horizons": [400, 800, 1200, 1600, 2000, 2400, 2800, 3200, 3600, 4000, 4400, 4800, 5200, 5600, 6000, 6400, 6800, 7200, 7600, 8000, 8400, 8800, 9200, 9600, 10000], "average_cumulative_regret": [116.49666666666671, 196.77333333333343, 262.0, 306.356666666667, 351.46333333333314, 396.38, 430.65666666666687, 464.263333333334, 495.36, 533.5566666666659, 571.743333333334, 587.44, 625.0466666666659, 650.7033333333341, 668.37, 700.776666666668, 726.763333333332, 751.03, 788.176666666668, 819.203333333332, 834.55, 849.9566666666681, 878.073333333332, 902.06, 928.516666666668], "std_cumulative_regret": [11.936544726175997, 17.43348502164728, 20.008997975910738, 23.180895150964293, 31.563794131884716, 27.85597960941241, 32.88905441024415, 37.01006754924935, 41.851050166035265, 46.83009609214997, 43.034426916133086, 51.862379428637865, 49.95353440948898, 51.74797677204395, 61.698890589701854, 67.9384861473966, 67.58376358268308, 69.53926301018727, 61.89418308694284, 73.24556710136116, 66.42625610404367, 72.3162906958038, 80.63468484467462, 76.65543946778988, 78.42733898329078]}