{"time_horizons": [400, 800, 1200, 1600, 2000, 2400, 2800, 3200, 3600, 4000, 4400, 4800, 5200, 5600, 6000, 6400, 6800, 7200, 7600, 8000, 8400, 8800, 9200, 9600, 10000], "average_cumulative_regret": [116.49666666666671, 196.73333333333343, 261.02, 314.376666666667, 362.58333333333314, 386.75, 414.1466666666669, 435.383333333334, 460.85, 485.756666666666, 499.943333333334, 519.34, 534.206666666666, 549.513333333334, 578.86, 598.926666666668, 626.233333333332, 608.37, 646.8266666666681, 667.883333333332, 676.76, 686.5766666666681, 712.713333333332, 722.45, 742.506666666668], "std_cumulative_regret": [11.936544726175997, 17.516849031718003, 19.90024120456835, 28.28296130181562, 27.258530774786816, 36.774277695149905, 37.89893929914134, 44.78981469039585, 52.9368255565065, 56.150707030277005, 56.52696613121918, 63.63037325051614, 70.5849020683602, 63.780934455368396, 64.1566863234067, 71.20977741855398, 77.93683339730964, 74.07167542320074, 80.05419664202496, 86.41520410205602, 78.6737719955005, 94.46757062611485, 91.2382354059963, 99.04568390394405, 106.29710438201033]}