{"time_horizons": [400, 800, 1200, 1600, 2000, 2400, 2800, 3200, 3600, 4000, 4400, 4800, 5200, 5600, 6000, 6400, 6800, 7200, 7600, 8000, 8400, 8800, 9200, 9600, 10000], "average_cumulative_regret": [188.6066666666668, 381.05333333333357, 570.75, 761.7866666666672, 957.5833333333326, 1146.74, 1335.9866666666671, 1530.2033333333343, 1718.54, 1909.226666666665, 2101.813333333335, 2291.07, 2479.7766666666653, 2673.533333333334, 2862.81, 3052.416666666669, 3244.9633333333313, 3432.77, 3622.7366666666685, 3817.0033333333304, 4005.62, 4192.97666666667, 4387.723333333331, 4575.11, 4764.8666666666695], "std_cumulative_regret": [8.248418030143721, 11.907207901099232, 14.613948816114007, 15.370283016262258, 17.756900067297785, 20.493228149805976, 23.35332096298083, 25.423868706394785, 25.814887177750748, 25.790044590888165, 25.688316410383926, 28.07677153805259, 29.587461871542818, 30.757112998459398, 31.253062249962003, 31.859810106150977, 33.514968297762124, 36.59832099973986, 37.92631144733165, 37.86530205874502, 40.908869453946046, 43.09238795889594, 45.85147653020565, 47.99685302183884, 48.77376343896378]}