{"time_horizons": [400, 800, 1200, 1600, 2000, 2400, 2800, 3200, 3600, 4000, 4400, 4800, 5200, 5600, 6000, 6400, 6800, 7200, 7600, 8000, 8400, 8800, 9200, 9600, 10000], "average_cumulative_regret": [165.2966666666667, 299.7233333333334, 428.4, 550.0866666666668, 656.9333333333332, 756.26, 858.2666666666671, 948.2933333333337, 1034.96, 1125.6066666666663, 1207.8233333333337, 1284.08, 1365.7666666666657, 1435.5933333333344, 1505.15, 1576.6966666666674, 1646.3233333333326, 1698.38, 1748.1566666666674, 1792.7233333333324, 1835.43, 1883.8366666666675, 1947.4033333333325, 1983.19, 2017.1766666666674], "std_cumulative_regret": [9.69190899668378, 9.884224805213607, 17.406895185529212, 16.647029765096235, 15.336231610144651, 17.30238133899493, 19.0, 19.6198470942054, 19.15145947441082, 22.694854042271345, 17.18632886919135, 19.880985891046755, 22.07192787229969, 23.471097119649095, 29.06694858425975, 24.55217098343851, 26.907060411720934, 26.759215235129748, 34.9635510210276, 36.022741428158966, 39.940519525915036, 44.10330033002066, 41.0588005182811, 42.58584154387465, 46.39148521011157]}