{"time_horizons": [400, 800, 1200, 1600, 2000, 2400, 2800, 3200, 3600, 4000, 4400, 4800, 5200, 5600, 6000, 6400, 6800, 7200, 7600, 8000, 8400, 8800, 9200, 9600, 10000], "average_cumulative_regret": [187.4766666666668, 378.9133333333336, 567.06, 756.3366666666672, 945.6033333333326, 1134.51, 1323.9366666666674, 1512.5933333333344, 1700.29, 1890.256666666665, 2080.0133333333347, 2268.85, 2459.0066666666653, 2647.483333333335, 2837.81, 3028.166666666669, 3216.0533333333315, 3405.06, 3592.9566666666688, 3782.8133333333303, 3971.44, 4161.446666666669, 4349.39333333333, 4538.46, 4726.13666666667], "std_cumulative_regret": [10.300189318648467, 13.679312848239126, 17.741939014662403, 19.68047509589136, 21.06459351613508, 24.069688406790814, 26.324838081173453, 28.038766021349797, 32.29653077344376, 35.609856781514864, 37.09794603478743, 38.30048955300702, 39.95127532382414, 42.73976485662971, 44.99348730649803, 45.51010876717392, 45.25352582948648, 46.62034319907995, 47.80173532414906, 47.961959926591824, 48.6855871896396, 50.7949958165172, 52.33714168733329, 53.81067180402043, 56.22676497896709]}