{"time_horizons": [400, 800, 1200, 1600, 2000, 2400, 2800, 3200, 3600, 4000, 4400, 4800, 5200, 5600, 6000, 6400, 6800, 7200, 7600, 8000, 8400, 8800, 9200, 9600, 10000], "average_cumulative_regret": [164.80666666666673, 314.81333333333345, 448.2, 562.2666666666669, 684.8133333333328, 797.61, 898.6766666666672, 995.1333333333337, 1089.55, 1171.9266666666663, 1262.1433333333337, 1341.31, 1424.5066666666658, 1504.0933333333344, 1577.77, 1649.6966666666674, 1722.0233333333326, 1770.65, 1835.2266666666674, 1896.9833333333327, 1960.28, 2018.7866666666675, 2074.7233333333324, 2136.1, 2190.1566666666677], "std_cumulative_regret": [8.928628114105772, 16.704777759671032, 12.211470017978998, 12.081390648431166, 16.696993741389495, 17.211562973768533, 19.274592083880787, 20.211877696047935, 23.37536095977985, 24.737671677019247, 22.541381945213566, 25.890807248905933, 26.60741250103061, 22.6177452457136, 29.587786331525376, 25.10277076340379, 25.527120871731697, 30.330966024840023, 25.816010536099494, 31.799174517587716, 28.004671038953486, 29.711708129961156, 31.99434168724214, 31.729639140715104, 32.54857754188345]}