{
    "time_horizons": [
        400,
        800,
        1200,
        1600,
        2000,
        2400,
        2800,
        3200,
        3600,
        4000,
        4400,
        4800,
        5200,
        5600,
        6000,
        6400,
        6800,
        7200,
        7600,
        8000,
        8400,
        8800,
        9200,
        9600,
        10000
    ],
    "average_cumulative_regret": [
        96.95666666666672,
        122.963333333,
        159.86,
        182.936666666667,
        242.723333333333,
        310.2,
        334.64666666666693,
        380.153333333334,
        392.6,
        430.916666666666,
        452.993333333334,
        479.19,
        508.916666666666,
        529.273333333334,
        550.87,
        573.546666666668,
        599.193333333332,
        630.44,
        645.7066666666681,
        660.073333333332,
        687.87,
        720.126666666668,
        721.9133333333319,
        749.77,
        780.366666666668
    ],
    "std_cumulative_regret": [
        4.207837924635405,
        9.258136961613822,
        17.35397360836993,
        16.68044064166172,
        43.36055696136755,
        28.785760368626708,
        40.58619962499568,
        39.98034016863789,
        36.37691575711168,
        42.84795794434083,
        41.87916427055344,
        36.49539559999315,
        44.95494967186595,
        48.22443778832471,
        48.96665293850499,
        45.45443432713688,
        51.05761843251211,
        63.40225863484676,
        56.38739575472519,
        57.065684960403296,
        54.483695726336336,
        61.80977592581937,
        52.24254587977122,
        72.76054631460651,
        77.47509277180635
    ]
}