{"time_horizons": [400, 800, 1200, 1600, 2000, 2400, 2800, 3200, 3600, 4000, 4400, 4800, 5200, 5600, 6000, 6400, 6800, 7200, 7600, 8000, 8400, 8800, 9200, 9600, 10000], "average_cumulative_regret": [149.6766666666667, 256.2933333333334, 317.61, 375.04666666666685, 416.21333333333314, 458.88, 506.91666666666686, 542.113333333334, 576.43, 612.646666666666, 634.753333333334, 772.06, 786.7666666666663, 825.8833333333337, 864.49, 878.106666666668, 977.123333333332, 1107.26, 1135.496666666668, 1140.073333333332, 1121.71, 1185.106666666668, 1221.213333333332, 1280.7, 1301.436666666668], "std_cumulative_regret": [6.147349022139543, 6.619546812282544, 12.134986608974893, 13.096396450932598, 11.30422929703746, 16.678896846014727, 20.354544947013675, 41.4397345551344, 51.560111520437964, 69.82377532044511, 64.90642187025871, 166.46500052563601, 154.34568345114158, 161.42591954206114, 163.54763801412724, 160.81407401095217, 184.41172929073682, 143.4479431710333, 116.60506464129249, 123.0607671030861, 147.55638210528204, 141.18012041360498, 147.0849604820289, 149.09309172460004, 151.08413914107595]}