{"time_horizons": [400, 800, 1200, 1600, 2000, 2400, 2800, 3200, 3600, 4000, 4400, 4800, 5200, 5600, 6000, 6400, 6800, 7200, 7600, 8000, 8400, 8800, 9200, 9600, 10000], "average_cumulative_regret": [116.49666666666671, 196.23333333333343, 262.41, 309.626666666667, 346.28333333333313, 381.96, 416.3266666666669, 445.803333333334, 463.06, 491.696666666666, 509.29333333333403, 536.47, 561.726666666666, 589.3233333333341, 603.98, 628.066666666668, 644.853333333332, 662.13, 686.9466666666681, 699.6633333333319, 735.86, 754.246666666668, 763.083333333332, 773.04, 793.566666666668], "std_cumulative_regret": [11.936544726175997, 18.04799157801222, 21.35654232313836, 25.249918811750664, 26.701451271419685, 30.099142844938292, 32.73628567812787, 37.074642277438095, 40.3675166439552, 45.81036018195011, 49.76804597329495, 54.15633942577729, 60.29657038339743, 61.515606962786286, 57.11969537733898, 59.031686406539336, 63.8398746865938, 67.92107993841087, 66.55660448069747, 75.29569111177611, 72.66388649115873, 70.36564218423648, 87.85981732282397, 87.5789837803568, 88.97994155988191]}