{"time_horizons": [400, 800, 1200, 1600, 2000, 2400, 2800, 3200, 3600, 4000, 4400, 4800, 5200, 5600, 6000, 6400, 6800, 7200, 7600, 8000, 8400, 8800, 9200, 9600, 10000], "average_cumulative_regret": [173.35, 330.47, 476.17, 614.25, 738.21, 872.14, 990.36, 1101.97, 1210.01, 1263.13, 1267.8, 1270.33, 1277.1, 1277.62, 1279.31, 1285.34, 1286.22, 1287.24, 1288.83, 1295.32, 1305.24, 1310.99, 1314.77, 1318.41, 1323.56], "std_cumulative_regret": [6.918634258291155, 10.625869376196942, 15.373389346529931, 13.603216531394331, 18.07390107309432, 22.4744388139059, 20.365421674986255, 19.49279610522821, 22.846222882568576, 9.706343286737804, 9.660227740586658, 9.61254908960157, 9.220086767487604, 9.283081384971263, 9.189880303899503, 9.109577377683337, 9.11107018961, 9.240259736609138, 9.437218869984948, 9.356153055609981, 9.726376509265926, 9.721620235331143, 9.647647381615895, 9.638563170929578, 9.92806124074585]}