{"time_horizons": [400, 800, 1200, 1600, 2000, 2400, 2800, 3200, 3600, 4000, 4400, 4800, 5200, 5600, 6000, 6400, 6800, 7200, 7600, 8000, 8400, 8800, 9200, 9600, 10000], "average_cumulative_regret": [194.55, 393.5, 589.28, 785.71, 982.23, 1178.11, 1374.74, 1570.92, 1765.93, 1962.68, 2158.7, 2355.14, 2551.6, 2747.14, 2944.68, 3142.58, 3337.83, 3533.5, 3728.45, 3925.91, 4122.56, 4320.07, 4515.55, 4711.9, 4907.56], "std_cumulative_regret": [10.533161918436457, 13.971041478715895, 17.347668431233057, 19.178266345006268, 21.34237803057569, 24.687606202303215, 27.43159492264349, 28.994716760127183, 33.16451567564344, 35.36152711634496, 36.18908675277673, 37.95919387974407, 39.360640238695304, 42.73757597243905, 45.24176831203661, 45.82645087719536, 45.56929997267898, 47.17955065491828, 48.52409195440961, 49.053867329701944, 50.086189713333155, 51.90419154557751, 53.83593130986033, 54.8022809744266, 56.348082487339354]}