{"time_horizons": [400, 800, 1200, 1600, 2000, 2400, 2800, 3200, 3600, 4000, 4400, 4800, 5200, 5600, 6000, 6400, 6800, 7200, 7600, 8000, 8400, 8800, 9200, 9600, 10000], "average_cumulative_regret": [197.28, 394.29, 593.13, 792.37, 991.99, 1189.92, 1388.65, 1587.3, 1784.03, 1983.69, 2180.04, 2377.71, 2575.0, 2773.12, 2971.43, 3169.58, 3366.3, 3563.63, 3762.18, 3960.27, 4158.35, 4355.06, 4553.71, 4749.74, 4948.6], "std_cumulative_regret": [8.303107851882931, 11.54408506552165, 14.286115637219236, 14.948347734783265, 16.8757192439315, 19.02455255715624, 22.107182090895254, 24.76025040261104, 25.337898492179654, 25.639303812701307, 25.596843555407368, 28.142244046983887, 29.667490625261852, 30.45169289218581, 30.862357330573438, 31.18114173663306, 32.59064282888572, 34.842116755444124, 36.025096807642306, 35.47953071842975, 38.624959546904385, 40.882470571138434, 43.35765099725768, 45.68076619322404, 46.63753852852871]}