{"time_horizons": [400, 800, 1200, 1600, 2000, 2400, 2800, 3200, 3600, 4000, 4400, 4800, 5200, 5600, 6000, 6400, 6800, 7200, 7600, 8000, 8400, 8800, 9200, 9600, 10000], "average_cumulative_regret": [95.14, 110.93, 119.68, 127.13, 133.79, 139.75, 145.61, 151.17, 156.86, 162.37, 167.16, 171.89, 177.27, 181.7, 185.96, 190.03, 194.04, 197.47, 201.48, 204.86, 208.58, 212.12, 215.66, 218.94, 222.13], "std_cumulative_regret": [6.095933070498724, 6.324958497887556, 6.55115257034974, 6.472487929691334, 7.003277804000066, 7.19774270170864, 7.8649793388158376, 7.682519118101823, 7.467288664568954, 7.733892939522761, 7.709370921158223, 8.141124001020989, 8.08437381619628, 8.057915363169311, 8.03731298382737, 7.985555710155681, 8.044774701630867, 7.930264812728512, 7.911358922460793, 7.89559370788543, 7.613382953720376, 7.873093419996996, 7.971474142214851, 8.188797225478233, 7.997068212788985]}