{"time_horizons": [400, 800, 1200, 1600, 2000, 2400, 2800, 3200, 3600, 4000, 4400, 4800, 5200, 5600, 6000, 6400, 6800, 7200, 7600, 8000, 8400, 8800, 9200, 9600, 10000], "average_cumulative_regret": [95.14, 108.67, 110.84, 111.73, 112.1, 112.29, 112.4, 112.53, 112.6, 112.65, 112.68, 112.71, 112.71, 112.75, 112.78, 112.8, 112.82, 112.83, 112.84, 112.87, 112.9, 112.9, 112.9, 112.9, 112.9], "std_cumulative_regret": [6.095933070498724, 6.018396796489909, 6.2027735731687, 6.026367064824378, 6.014149981501958, 6.083247487978769, 6.0332412515993425, 6.027362607310099, 6.003332407921454, 5.978921307393166, 5.971398496164864, 5.951966061731199, 5.951966061731199, 5.920092904676412, 5.915369810924758, 5.929586832149437, 5.923478707651442, 5.936421480993411, 5.944274556243175, 5.917186831594893, 5.930430001273095, 5.930430001273095, 5.930430001273095, 5.930430001273095, 5.930430001273095]}