{"time_horizons": [400, 800, 1200, 1600, 2000, 2400, 2800, 3200, 3600, 4000, 4400, 4800, 5200, 5600, 6000, 6400, 6800, 7200, 7600, 8000, 8400, 8800, 9200, 9600, 10000], "average_cumulative_regret": [49.11, 49.11, 49.11, 49.11, 49.11, 49.11, 49.11, 49.11, 49.11, 49.11, 49.11, 49.11, 49.11, 49.11, 49.11, 49.11, 49.11, 49.11, 49.11, 49.11, 49.11, 49.11, 49.11, 49.11, 49.11], "std_cumulative_regret": [4.022176027972918, 4.022176027972918, 4.022176027972918, 4.022176027972918, 4.022176027972918, 4.022176027972918, 4.022176027972918, 4.022176027972918, 4.022176027972918, 4.022176027972918, 4.022176027972918, 4.022176027972918, 4.022176027972918, 4.022176027972918, 4.022176027972918, 4.022176027972918, 4.022176027972918, 4.022176027972918, 4.022176027972918, 4.022176027972918, 4.022176027972918, 4.022176027972918, 4.022176027972918, 4.022176027972918, 4.022176027972918]}