{"time_horizons": [400, 800, 1200, 1600, 2000, 2400, 2800, 3200, 3600, 4000, 4400, 4800, 5200, 5600, 6000, 6400, 6800, 7200, 7600, 8000, 8400, 8800, 9200, 9600, 10000], "average_cumulative_regret": [166.69, 304.59, 420.5, 542.66, 653.5, 755.24, 846.31, 936.17, 1020.31, 1101.77, 1178.24, 1256.45, 1329.13, 1396.64, 1466.97, 1532.32, 1591.71, 1658.01, 1714.4, 1774.37, 1826.91, 1884.92, 1936.99, 1991.71, 2040.64], "std_cumulative_regret": [10.041608436898942, 9.085257288596729, 10.323274674249445, 14.461134118733565, 14.80101347881286, 14.775060067559794, 15.388758884328519, 14.862742008122188, 17.545195923670953, 14.51058579106991, 15.64104855820095, 16.512041060995454, 18.13541011391802, 21.55435918787659, 18.19475473866026, 20.109142199507165, 19.922497333416814, 21.744652216119714, 24.574783824074625, 23.09963419623783, 25.778322288310388, 26.83493245752633, 25.10198996095728, 26.48746684754886, 25.001407960352953]}