{"time_horizons": [400, 800, 1200, 1600, 2000, 2400, 2800, 3200, 3600, 4000, 4400, 4800, 5200, 5600, 6000, 6400, 6800, 7200, 7600, 8000, 8400, 8800, 9200, 9600, 10000], "average_cumulative_regret": [150.88, 255.86, 308.27, 358.07, 407.12, 439.87, 470.62, 499.86, 525.94, 549.23, 588.63, 610.51, 629.96, 652.76, 672.23, 689.06, 703.93, 716.53, 729.07, 742.05, 754.93, 766.93, 777.76, 788.21, 799.45], "std_cumulative_regret": [7.71398729581531, 8.883715438936571, 8.747405329582024, 8.926651107778325, 9.475526370603376, 10.994230305028179, 10.492645043076601, 13.124800950871599, 11.482874204657996, 15.278648500440081, 17.926324218868743, 12.19138630345212, 14.757316829288447, 14.486628317175809, 13.850527065783453, 13.53278980846152, 13.900543154855496, 13.930150752953107, 14.56176843656017, 14.756269853862122, 15.214634402442933, 14.743985214317057, 14.61514283200818, 15.066714970424046, 15.593187615109361]}