{"time_horizons": [400, 800, 1200, 1600, 2000, 2400, 2800, 3200, 3600, 4000, 4400, 4800, 5200, 5600, 6000, 6400, 6800, 7200, 7600, 8000, 8400, 8800, 9200, 9600, 10000], "average_cumulative_regret": [95.14, 108.67, 110.94, 111.76, 112.19, 112.4, 112.51, 112.61, 112.68, 112.76, 112.8, 112.84, 112.87, 112.9, 112.93, 112.96, 112.97, 112.99, 113.0, 113.01, 113.05, 113.07, 113.07, 113.07, 113.08], "std_cumulative_regret": [6.095933070498724, 6.018396796489909, 6.23188574991551, 6.293043778649565, 6.262100286645048, 6.262587324740471, 6.28250746119732, 6.240024038415236, 6.21591505733468, 6.192124029765553, 6.172519744804386, 6.17692480122593, 6.191373030273657, 6.204030947698439, 6.171312664255475, 6.165906259423671, 6.165152066251083, 6.145722089388683, 6.1400325732035, 6.147349022139544, 6.17636624561724, 6.158335814162784, 6.158335814162784, 6.158335814162784, 6.159025897006766]}