{"time_horizons": [400, 800, 1200, 1600, 2000, 2400, 2800, 3200, 3600, 4000, 4400, 4800, 5200, 5600, 6000, 6400, 6800, 7200, 7600, 8000, 8400, 8800, 9200, 9600, 10000], "average_cumulative_regret": [171.4, 309.4, 453.31, 571.95, 681.11, 787.05, 888.6, 987.65, 1065.58, 1153.29, 1236.46, 1316.03, 1392.44, 1463.42, 1536.96, 1604.74, 1672.68, 1720.0, 1781.28, 1836.21, 1890.51, 1952.24, 2004.19, 2061.98, 2112.29], "std_cumulative_regret": [7.991245209602819, 11.72433366976563, 13.291873457116571, 11.86623360633019, 12.009075734626707, 18.120913332390284, 19.440679000487613, 19.77138083189942, 21.79365962843322, 20.7693500139027, 19.45426431402637, 20.89375744092, 21.18693937311381, 24.456974465374905, 21.842124438799445, 22.18586036195126, 25.249110875434802, 24.797983789009944, 23.104579632618293, 27.385140131100297, 19.947177745235038, 24.011713808056268, 24.49803869700593, 26.140765099744115, 24.84403147639288]}